--
INSERT INTO SIAK.SEC_GROUP (GRP_ID, GRP_SHORTDESCRIPTION, GRP_LONGDESCRIPTION, VERSION) VALUES
(13073,'Administrasi_View','Allow to  view Administrasi',0),
(13074,'Administrasi_New','Allow create new Administrasi',0),
(13075,'Administrasi_Edit','Allow editing of Administrasi',0),
(13076,'Administrasi_Delete','Allow deleting of Administrasi',0),
(13077,'ManajemenKurikulum_View','Allow to  view ManajemenKurikulum',0),
(13078,'ManajemenKurikulum_New','Allow create new ManajemenKurikulum',0),
(13079,'ManajemenKurikulum_Edit','Allow editing of ManajemenKurikulum',0),
(13080,'ManajemenKurikulum_Delete','Allow deleting of ManajemenKurikulum',0),
(13081,'IsianRencanaStudi_Vew','Allow to  view IsianRencanaStudi',0),
(13082,'IsianRencanaStudi_New','Allow create new IsianRencanaStudi',0),
(13083,'IsianRencanaStudi_Edit','Allow editing of IsianRencanaStudi',0),
(13084,'IsianRencanaStudi_Delete','Allow deleting of IsianRencanaStudi',0),
(13085,'KegiatanBelajarMengajar_View','Allow to  view KegiatanBelajarMengajar',0),
(13086,'KegiatanBelajarMengajar_New','Allow create new KegiatanBelajarMengajar',0),
(13087,'KegiatanBelajarMengajar_Edit','Allow editing of KegiatanBelajarMengajar',0),
(13088,'KegiatanBelajarMengajar_Delete','Allow deleting of KegiatanBelajarMengajar',0),
(13089,'TugasMenulis_View','Allow to  view TugasMenulis',0),
(13090,'TugasMenulis_New','Allow create new TugasMenulis',0),
(13091,'TugasMenulis_Edit','Allow editing of TugasMenulis',0),
(13092,'TugasMenulis_Delete','Allow deleting of TugasMenulis',0);
--
INSERT INTO SIAK.SEC_ROLEGROUP (RLG_ID, GRP_ID, ROL_ID, VERSION) VALUES 
(12120,13073,10000,0),
(12121,13074,10000,0),
(12122,13075,10000,0),
(12123,13076,10000,0),
(12124,13077,10000,0),
(12125,13078,10000,0),
(12126,13079,10000,0),
(12127,13080,10000,0),
(12128,13081,10000,0),
(12129,13082,10000,0),
(12130,13083,10000,0),
(12131,13084,10000,0),
(12132,13085,10000,0),
(12133,13086,10000,0),
(12134,13087,10000,0),
(12135,13088,10000,0),
(12136,13089,10000,0),
(12137,13090,10000,0),
(12138,13091,10000,0),
(12139,13092,10000,0);
--
INSERT INTO SIAK.SEC_RIGHT (RIG_ID, RIG_TYPE, RIG_NAME, VERSION) VALUES 
(15019,1,'menuCat_Administrasi',0),
(15020,2,'menuItem_Admin_MasterUniversitas',0),
(15021,2,'menuItem_Admin_MasterMahasiswa',0),
(15022,2,'menuItem_Admin_MasterStatusMahasiswa',0),
(15023,2,'menuItem_Admin_MasterRuangan',0),
(15024,2,'menuItem_Admin_MasterFasilitas',0),
(15025,2,'menuItem_Admin_MasterFasilitasRuangan',0),
(15026,2,'menuItem_Admin_MasterKodePos',0),
(15027,2,'menuItem_Admin_MasterPegawai',0),
(15028,2,'menuItem_Admin_MasterJabatan',0),
(15029,2,'menuItem_Admin_MasterSekolah',0),
(15030,2,'menuItem_Admin_MasterPangkat',0),
(15031,2,'menuItem_Admin_MasterProdi',0),
(15032,2,'menuItem_Admin_MasterGrade',0),
(15033,2,'menuItem_Admin_MasterHari',0),
(15034,2,'menuItem_Admin_MasterJenjang',0),
(15035,2,'menuItem_Admin_MasterKegiatan',0),
(15036,2,'menuItem_Admin_MasterKalenderKegiatanAkademik',0),
(15037,2,'menuItem_Admin_UpdateKonsentrasiMahasiswa',0),
(15038,2,'menuItem_Admin_UpdateStatusMahasiswa',0),
(15039,1,'menuCat_ManajemenKurikulum',0),
(15040,2,'menuItem_Manajemen_MasterSesiKuliah',0),
(15041,2,'menuItem_Manajemen_MasterMatakuliah',0),
(15042,2,'menuItem_Manajemen_MasterKurikulum',0),
(15043,2,'menuItem_Manajemen_EntriKurikulumMahasiswa',0),
(15044,2,'menuItem_Manajemen_UpdateKurikulumProdiMahasiswa',0),
(15045,2,'menuItem_Manajemen_MasterPeminatan',0),
(15046,1,'menuCat_IsianRencanaStudi',0),
(15047,2,'menuItem_IRS_EntriJadwalKuliah',0),
(15048,2,'menuItem_IRS_EntriIRS',0),
(15049,2,'menuItem_IRS_EntriPaketKuliah',0),
(15050,2,'menuItem_IRS_TransaksiPembagianMataKuliahPaket',0),
(15051,2,'menuItem_IRS_CetakPengajuanCutiKuliah',0),
(15052,2,'menuItem_IRS_CetakJadwalKuliah',0),
(15053,2,'menuItem_IRS_CetakKartuStudiTetapMahasiswa',0),
(15054,2,'menuItem_IRS_EntriAktifKembali',0),
(15055,1,'menuCat_KegiatanBelajarMengajar',0),
(15056,2,'menuItem_KBM_EntryNilaiUjian',0),
(15057,2,'menuItem_KBM_VerifikasiNilaiUjian',0),
(15058,2,'menuItem_KBM_EntryJadwalUjianAkhir',0),
(15059,2,'menuItem_KBM_EntryBeritaAcaraPengajaran',0),
(15060,2,'menuItem_KBM_CetakBeritaAcaraPengajaran',0),
(15061,2,'menuItem_KBM_EntryAbsensiDosenMengajar',0),
(15062,2,'menuItem_KBM_CetakAbsensiDosenMengajar',0),
(15063,2,'menuItem_KBM_EntryAbsensiMahasiswa',0),
(15064,2,'menuItem_KBM_CetakAbsensiMahasiswaManual',0),
(15065,2,'menuItem_KBM_CetakAbsensiMahasiswaLaporanabsensi',0),
(15066,2,'menuItem_KBM_EntryRekapAbsensiMahasiswa',0),
(15067,2,'menuItem_KBM_CetakRekapAbsensiMahasiswa',0),
(15068,2,'menuItem_KBM_CetakTranskripNilai',0),
(15069,2,'menuItem_KBM_CetakLaporanDaftarMatakuliah',0),
(15070,2,'menuItem_KBM_CetakDaftarNilai',0),
(15071,2,'menuItem_KBM_CetakJadwalUjianAkhir',0),
(15072,1,'menuCat_TugasMenulis',0),
(15073,2,'menuItem_Menulis_EntryPendaftaranThesis',0),
(15074,2,'menuItem_Menulis_EntryPengumpulanProposalThesis',0),
(15075,2,'menuItem_Menulis_EntryJadwalSidangMakalah',0),
(15076,2,'menuItem_Menulis_EntryPendSidangProposalThesis',0),
(15077,2,'menuItem_Menulis_EntryJadwalSidangProposalThesis',0),
(15078,2,'menuItem_Menulis_RekapHasilSidangProposalThesis',0),
(15079,2,'menuItem_Menulis_EntryDosenPembimbingThesis',0),
(15080,2,'menuItem_Menulis_EntryPendaftaranSidangThesis',0),
(15081,2,'menuItem_Menulis_EntryJadwalSidangThesis',0),
(15082,2,'menuItem_Menulis_EntryHasilSidangThesis',0),
(15083,2,'menuItem_Menulis_EntryPendaftaranWisuda',0);

/******************** Security: SEC_GROUP-RIGHTS ********************/  
/* Headoffice Supervisor Group*/
INSERT INTO SIAK.SEC_GROUPRIGHT (GRI_ID, GRP_ID, RIG_ID, VERSION) VALUES 
(14627,13073,15019,0),
(14628,13073,15021,0),
(14629,13073,15022,0),
(14630,13073,15020,0),
(14631,13073,15023,0),
(14632,13073,15024,0),
(14633,13073,15025,0),
(14634,13073,15026,0),
(14635,13073,15027,0),
(14636,13073,15028,0),
(14637,13073,15029,0),
(14638,13073,15030,0),
(14639,13073,15031,0),
(14640,13073,15032,0),
(14641,13073,15033,0),
(14642,13073,15034,0),
(14643,13073,15035,0),
(14644,13073,15036,0),
(14645,13073,15037,0),
(14646,13073,15038,0),
(14647,13081,15046,0),
(14648,13081,15047,0),
(14649,13081,15048,0),
(14650,13081,15049,0),
(14651,13081,15050,0),
(14652,13081,15051,0),
(14653,13081,15052,0),
(14654,13081,15053,0),
(14655,13081,15054,0),
(14656,13085,15055,0),
(14657,13085,15056,0),
(14658,13085,15057,0),
(14659,13085,15058,0),
(14660,13085,15059,0),
(14661,13085,15060,0),
(14662,13085,15061,0),
(14663,13085,15062,0),
(14664,13085,15063,0),
(14665,13085,15064,0),
(14666,13085,15065,0),
(14667,13085,15066,0),
(14668,13085,15067,0),
(14669,13085,15068,0),
(14670,13085,15069,0),
(14671,13085,15070,0),
(14672,13085,15071,0),
(14673,13077,15039,0),
(14674,13077,15040,0),
(14675,13077,15041,0),
(14676,13077,15042,0),
(14677,13077,15043,0),
(14678,13077,15044,0),
(14679,13077,15045,0),
(14680,13089,15073,0),
(14681,13089,15074,0),
(14682,13089,15075,0),
(14683,13089,15076,0),
(14684,13089,15077,0),
(14685,13089,15078,0),
(14686,13089,15079,0),
(14687,13089,15080,0),
(14688,13089,15081,0),
(14689,13089,15082,0),
(14690,13089,15083,0),
(14691,13089,15072,0);